ProductID,Name,Manufacturer,Pieces,Difficulty,Price,WholesaleCost,Category,ShortDescription,LongDescription
P1001,Luminous Globe 3D Wooden Puzzle,TimberTech Models,180,Medium,$59.99,$28.00,Mechanical,Rotating wooden globe with gears and warm LED lighting for display.,"A beautifully engineered wooden globe featuring a visible gear system that powers smooth rotation. The integrated LED lighting adds a warm ambient glow, making it both a mechanical marvel and a decorative centerpiece for any room."
P1002,Steam Engine Mechanical 3D Wooden Puzzle,Ironwood Creations,320,Hard,$64.99,$31.00,Mechanical,Detailed steam engine model with moving pistons and crankshaft parts.,"This detailed wooden model recreates the power of a vintage steam locomotive with fully visible pistons and crankshaft movement. Designed for advanced builders, it offers a rewarding assembly experience and a striking mechanical display."
P1003,Pendulum Clock Wooden Mechanical Puzzle,Skyline Structures,210,Medium,$54.99,$26.00,Mechanical,Functional wooden clock featuring exposed gears and moving parts.,"A precision-crafted wooden clock that showcases its inner workings through exposed gears. Combining functionality with craftsmanship, this model provides both a practical timepiece and an engaging mechanical build."
P1004,Skyrail Marble Run,TimberTech Models,290,Medium,$49.99,$24.00,Mechanical,Hand-cranked marble run with continuous motion and looping tracks.,An interactive marble run powered by a hand-crank mechanism that continuously cycles marbles through a dynamic track. This model highlights motion and engineering principles while providing an engaging hands-on experience.
P1005,Velocity Racer Car,Ironwood Creations,160,Easy,$39.99,$18.00,Mechanical,Rubber-band powered wooden race car built for speed and simplicity.,"A sleek wooden race car powered by a rubber-band motor, designed for quick assembly and fun performance. Its lightweight structure and smooth motion make it ideal for beginners and younger builders."
P1006,Nordic Dragon Longship,NordicCraft,240,Medium,$59.99,$28.00,Historical,Viking-inspired longship with engraved wooden panels and detail.,"Inspired by traditional Viking longships, this model features intricate engravings and a bold silhouette. It offers a balance of historical design and satisfying construction, resulting in a display-worthy centerpiece."
P1007,Seahaven Barque,NordicCraft,300,Hard,$64.99,$32.00,Nautical,Detailed sailing ship with layered decks and intricate rigging work.,A highly detailed sailing vessel complete with layered decks and intricate rigging. This challenging build rewards patience with a stunning nautical model ideal for collectors and enthusiasts.
P1008, Sailing Ship Model 3D Wooden Puzzle,Ironwood Creations,280,Hard,$69.99,$34.00,Historical,Large wooden warship with multi-deck design and ornate details.,"This grand war galleon features multiple decks, detailed cannons, and ornate woodwork. Designed for experienced builders, it captures the scale and elegance of historic naval vessels."
P1009,Harbor Tugboat,TimberTech Models,150,Easy,$42.99,$20.00,Nautical,Compact tugboat model with simple build and charming design details.,A compact and charming tugboat model that emphasizes simplicity and detail. Its approachable build makes it perfect for beginners while still delivering an attractive finished piece.
P1010,Orbital Explorer Shuttle,Orbital Labs,410,Hard,$74.99,$36.00,Sci-Fi,Futuristic space shuttle with display stand and moving components.,A futuristic shuttle model with a detailed structure and a themed launch stand. This advanced build highlights engineering complexity and is ideal for space and STEM enthusiasts.
P1011,Galactic Rover,Orbital Labs,230,Medium,$57.99,$27.00,Sci-Fi,Mars-style rover model with articulated wheels and rugged frame.,"Designed after planetary exploration vehicles, this rover features articulated wheels and a rugged frame. It offers an engaging build and a dynamic finished model suitable for display."
P1012,Dragonfire Siege Engine,ArcaneWorks,260,Medium,$52.99,$25.00,Fantasy,Medieval-style ballista with working firing mechanism included.,A fantasy-inspired siege engine with a working firing mechanism that launches small projectiles. This model blends mechanical action with imaginative design for a fun and interactive experience.
P1013,Arcane Codex Box,ArcaneWorks,190,Medium,$48.99,$23.00,Fantasy,Puzzle box with hidden locking system and secret compartments inside.,"A mysterious wooden box featuring a hidden locking mechanism that must be solved to open. Combining puzzle-solving with craftsmanship, it serves as both a brain teaser and a functional storage item."
P1014,Grand Windmill Tower,Skyline Structures,220,Medium,$51.99,$24.00,Architecture,Rustic windmill tower with rotating blades and gear-driven motion.,A rustic windmill model featuring rotating blades powered by a simple gear system. Its architectural design and motion elements make it both decorative and mechanically interesting.
P1015,Parisian Clock Tower,Skyline Structures,260,Hard,$58.99,$29.00,Architecture,European-style clock tower with ornate wooden architectural detail.,"An elegant clock tower inspired by classic European architecture, featuring detailed facades and structural elements. This model offers a challenging build with a refined final appearance."
P1016,Skyline Observation Tower,Skyline Structures,200,Medium,$49.99,$23.00,Architecture,Modern observation tower with layered design and structural detail.,"A sleek observation tower with a modern, layered construction style. This model emphasizes symmetry and structure, making it a visually striking addition to any collection."
P1017,Melody Music Box,LumaScenes,140,Easy,$44.99,$21.00,Decorative,Hand-cranked music box with visible internal moving mechanism.,"A decorative music box with a visible internal mechanism that plays a tune when cranked. This simple yet elegant model combines motion, sound, and visual appeal."
P1018,Mechanical Butterfly Display,LumaScenes,120,Easy,$39.99,$18.00,Decorative,Decorative butterfly model with flapping wings powered by motion.,A delicate butterfly model that brings motion to life with flapping wings powered by a simple mechanism. Its lightweight design and artistic style make it an eye-catching display piece.
P1019,Vintage Camera Model,LumaScenes,180,Medium,$46.99,$22.00,Decorative,Retro camera replica with moving lens and mechanical components.,A nostalgic camera replica featuring a movable lens and mechanical components. This model blends vintage aesthetics with interactive features for a unique building experience.
P1020,Illuminated Book Nook Diorama,LumaScenes,220,Medium,$55.99,$26.00,Decorative,Bookshelf insert diorama with lighting and detailed miniature scene.,"A miniature diorama designed to fit between books, complete with built-in lighting and intricate details. This model creates a cozy, immersive scene that enhances any bookshelf display."
P1021,Atlas Airship,Orbital Labs,275,Hard,$67.99,$33.00,Sci-Fi,"Retro-futuristic airship with propellers, fins, and display-worthy detail.","The Atlas Airship blends steampunk and science-fiction design with layered wooden panels, rotating propellers, and a suspended display frame. It delivers a challenging build and a distinctive silhouette that stands out in any puzzle collection."
P1022,Summit Cable Car,Skyline Structures,170,Easy,$43.99,$20.50,Architecture,Mountain cable car model with clean lines and a scenic display base.,"This charming cable car kit features a compact build, supporting frame, and a scenic station base inspired by alpine travel. Its approachable assembly makes it a great entry point while still producing a polished display piece."
P1023,Runekeeper Treasure Chest,ArcaneWorks,205,Medium,$50.99,$24.50,Fantasy,Locking treasure chest puzzle with engraved panels and hidden storage.,"Built around a secret-opening mechanism, this fantasy chest combines decorative rune engravings with functional storage space. It offers a satisfying mix of puzzle-solving, assembly, and finished display appeal."
P1024,Midnight Planetarium,LumaScenes,195,Medium,$56.99,$27.50,Decorative,Tabletop planetarium with star cutouts and a soft internal glow effect.,"Designed as a decorative astronomy-inspired model, the Midnight Planetarium uses layered wooden shells and light openings to create a warm celestial display. It works especially well as ambient decor on a desk, shelf, or nightstand."
P1025,Coastal Lighthouse,TimberTech Models,185,Medium,$47.99,$22.50,Nautical,Classic lighthouse display with spiral structure and seaside character.,"This lighthouse model captures the charm of coastal architecture with a tiered tower, window detailing, and a textured base. The finished build makes a clean nautical accent while offering a balanced mid-level assembly challenge."
P1026,Siege Ram Cart,Ironwood Creations,245,Medium,$53.99,$26.00,Historical,Rolling siege ram cart with armored frame and medieval battlefield style.,"Inspired by historic siege equipment, this model features a wheeled chassis, reinforced body panels, and a suspended battering ram. The finished piece delivers both motion-focused detail and a strong medieval visual theme."
P1027,Polar Research Submarine,Orbital Labs,310,Hard,$68.99,$33.50,Sci-Fi,"Exploration submarine model with fins, propeller, and layered hull design.","The Polar Research Submarine presents a deep-sea exploration theme with a segmented hull, stabilizing fins, and mechanical propeller details. It is designed for builders who enjoy complex shapes and a more technical final display."
P1028,Valewood Carousel,LumaScenes,250,Medium,$58.99,$28.50,Decorative,Decorative carousel with rotating platform and ornate festival styling.,"This carousel kit combines graceful structure with motion, using a geared base to rotate the central platform after assembly. Its layered roof, carved details, and whimsical presentation make it one of the most display-friendly models in the catalog."
P1029,Longbow Ballista Tower,ArcaneWorks,270,Hard,$61.99,$30.00,Fantasy,Fantasy defense tower with ballista platform and fortified woodwork.,"Featuring a raised firing platform, defensive railings, and castle-inspired construction, this kit expands the fantasy lineup with a more architectural build. It offers a detailed silhouette and a strong sense of world-building once completed."
P1030,Heritage Tram,NordicCraft,215,Medium,$52.49,$25.00,Historical,Vintage tramcar model with window detail and classic city transit style.,"The Heritage Tram brings old-world street transit to life with a carefully shaped carriage body, detailed window framing, and a nostalgic urban design. It provides a satisfying medium-difficulty build and a distinctive finished profile."
